Month,Forecasted Demand (TEU)
1,5835.31005859375
2,7955.3359375
3,9277.91796875
4,6630.8525390625
5,5763.9921875
6,8398.7705078125
7,7095.8837890625
8,4643.470703125
9,9353.068359375
10,9485.4013671875
11,9456.583984375
12,8179.50439453125
